{
    "label": "SBPS",
    "op_left": [
        [
            -1.3764648947859957,
            1.8523239861274134,
            -0.5524268681758195,
            0.05374135711338229,
            0.022826419721019783,
            0.0,
            0.0,
            0.0,
            0.0
        ],
        [
            -0.4428256655817484,
            0.05746145177512933,
            0.20222595897595017,
            0.19446638904970498,
            -0.01132813421903617,
            0.0,
            0.0,
            0.0,
            0.0
        ],
        [
            0.33601408660607573,
            -1.2113298407847195,
            0.3111668377093505,
            0.6714462506479003,
            -0.11114408431535233,
            0.003846750136745479,
            0.0,
            0.0,
            0.0
        ],
        [
            -0.03385605313696526,
            0.04099432236439014,
            -0.5284757132923059,
            -0.011557119612208372,
            0.6162252315536445,
            -0.08571154410159958,
            0.0023808762250444324,
            0.0,
            0.0
        ],
        [
            0.004037827319304357,
            -0.006413937277837075,
            0.08900621334518495,
            -0.6749219241340761,
            -0.00024984591924278243,
            0.6796875,
            -0.09375,
            0.0026041666666666665,
            0.0
        ],
        [
            0.0,
            0.0,
            -0.0026041666666666665,
            0.09375,
            -0.6796875,
            3.686287386450715e-17,
            0.6796875,
            -0.09375,
            0.0026041666666666665
        ]
    ],
    "op_right": [
        [
            0.0,
            0.0,
            0.0,
            0.0,
            0.0,
            0.0,
            0.0,
            0.0,
            0.0
        ],
        [
            0.0,
            -1.588607504275542,
            -2.483557463450586,
            0.04211734067872859,
            0.49687615365906945,
            -0.022826419721019783,
            0.0,
            0.0,
            0.0
        ],
        [
            0.0,
            0.4428256655817484,
            -0.05746145177512936,
            -0.20222595897595017,
            -0.19446638904970498,
            0.01132813421903617,
            0.0,
            0.0,
            0.0
        ],
        [
            0.0,
            -0.3360140866060758,
            1.2113298407847195,
            -0.3111668377093505,
            -0.6714462506479002,
            0.11114408431535233,
            -0.003846750136745479,
            0.0,
            0.0
        ],
        [
            0.0,
            0.033856053136965256,
            -0.040994322364390164,
            0.5284757132923059,
            0.01155711961220838,
            -0.6162252315536446,
            0.08571154410159956,
            -0.0023808762250444324,
            0.0
        ],
        [
            0.0,
            -0.004037827319304357,
            0.006413937277837075,
            -0.08900621334518495,
            0.6749219241340761,
            0.00024984591924282666,
            -0.6796875,
            0.09375,
            -0.0026041666666666665
        ]
    ],
    "op_interior": [
        -0.0026041666666666665,
        0.09375,
        -0.6796875,
        3.686287386450715e-17,
        0.6796875,
        -0.09375,
        0.0026041666666666665
    ],
    "idx_left": [
        [
            0,
            1,
            2,
            3,
            4,
            5,
            6,
            7,
            8
        ],
        [
            0,
            1,
            2,
            3,
            4,
            5,
            6,
            7,
            8
        ],
        [
            0,
            1,
            2,
            3,
            4,
            5,
            6,
            7,
            8
        ],
        [
            0,
            1,
            2,
            3,
            4,
            5,
            6,
            7,
            8
        ],
        [
            0,
            1,
            2,
            3,
            4,
            5,
            6,
            7,
            8
        ],
        [
            0,
            1,
            2,
            3,
            4,
            5,
            6,
            7,
            8
        ]
    ],
    "idx_right": [
        [
            0,
            1,
            2,
            3,
            4,
            5,
            6,
            7,
            8
        ],
        [
            0,
            1,
            2,
            3,
            4,
            5,
            6,
            7,
            8
        ],
        [
            0,
            1,
            2,
            3,
            4,
            5,
            6,
            7,
            8
        ],
        [
            0,
            1,
            2,
            3,
            4,
            5,
            6,
            7,
            8
        ],
        [
            0,
            1,
            2,
            3,
            4,
            5,
            6,
            7,
            8
        ],
        [
            0,
            1,
            2,
            3,
            4,
            5,
            6,
            7,
            8
        ]
    ],
    "order_left": 0,
    "order_interior": 1,
    "idx_interior": [
        -3,
        -2,
        -1,
        0,
        1,
        2,
        3
    ]
}