{
    "label": "SBPS",
    "op_left": [
        [
            0.344556397209992
        ],
        [
            0.4372900885645984
        ],
        [
            1.30569549651249
        ],
        [
            0.9124580177129197
        ],
        [
            1.0
        ],
        [
            1.0
        ]
    ],
    "op_right": [
        [
            1.0
        ],
        [
            1.0
        ],
        [
            0.9124580177129197
        ],
        [
            1.30569549651249
        ],
        [
            0.4372900885645984
        ],
        [
            0.344556397209992
        ]
    ],
    "op_interior": [
        1.0
    ],
    "idx_left": [
        [
            0,
            1,
            2,
            3,
            4,
            5
        ],
        [
            0,
            1,
            2,
            3,
            4,
            5
        ],
        [
            0,
            1,
            2,
            3,
            4,
            5
        ],
        [
            0,
            1,
            2,
            3,
            4,
            5
        ],
        [
            0,
            1,
            2,
            3,
            4,
            5
        ],
        [
            0,
            1,
            2,
            3,
            4,
            5
        ]
    ],
    "idx_right": [
        [
            0,
            1,
            2,
            3,
            4,
            5
        ],
        [
            0,
            1,
            2,
            3,
            4,
            5
        ],
        [
            0,
            1,
            2,
            3,
            4,
            5
        ],
        [
            0,
            1,
            2,
            3,
            4,
            5
        ],
        [
            0,
            1,
            2,
            3,
            4,
            5
        ],
        [
            0,
            1,
            2,
            3,
            4,
            5
        ]
    ],
    "order_left": 0,
    "order_interior": 1,
    "idx_interior": [
        0
    ]
}