{
    "label": "SBPS",
    "op_left": [
        [
            1.00000000000000000,
            0.00000000000000000,
            0.00000000000000000,
            0.00000000000000000,
            0.00000000000000000,
            0.00000000000000000,
            0.00000000000000000
        ],
        [
            0.50000000000000000,
            0.50000000000000000,
            0.00000000000000000,
            0.00000000000000000,
            0.00000000000000000,
            0.00000000000000000,
            0.00000000000000000
        ],
        [
            0.00000000000000000,
            0.50000000000000000,
            0.50000000000000000,
            0.00000000000000000,
            0.00000000000000000,
            0.00000000000000000,
            0.00000000000000000
        ],
        [
            0.00000000000000000,
            0.00000000000000000,
            0.50000000000000000,
            0.50000000000000000,
            0.00000000000000000,
            0.00000000000000000,
            0.00000000000000000
        ],
        [
            0.00000000000000000,
            0.00000000000000000,
            0.00000000000000000,
            0.50000000000000000,
            0.50000000000000000,
            0.00000000000000000,
            0.00000000000000000
        ],
        [
            0.00000000000000000,
            0.00000000000000000,
            0.00000000000000000,
            0.00000000000000000,
            0.50000000000000000,
            0.50000000000000000,
            0.00000000000000000
        ]
    ],
    "op_right": [
        [
            0.00000000000000000,
            1.00000000000000000,
            0.00000000000000000,
            0.00000000000000000,
            0.00000000000000000,
            0.00000000000000000,
            0.00000000000000000,
            0.00000000000000000
        ],
        [
            0.00000000000000000,
            0.50000000000000000,
            0.50000000000000000,
            0.00000000000000000,
            0.00000000000000000,
            0.00000000000000000,
            0.00000000000000000,
            0.00000000000000000
        ],
        [
            0.00000000000000000,
            0.00000000000000000,
            0.50000000000000000,
            0.50000000000000000,
            0.00000000000000000,
            0.00000000000000000,
            0.00000000000000000,
            0.00000000000000000
        ],
        [
            0.00000000000000000,
            0.00000000000000000,
            0.00000000000000000,
            0.50000000000000000,
            0.50000000000000000,
            0.00000000000000000,
            0.00000000000000000,
            0.00000000000000000
        ],
        [
            0.00000000000000000,
            0.00000000000000000,
            0.00000000000000000,
            0.00000000000000000,
            0.50000000000000000,
            0.50000000000000000,
            0.00000000000000000,
            0.00000000000000000
        ],
        [
            0.00000000000000000,
            0.00000000000000000,
            0.00000000000000000,
            0.00000000000000000,
            0.00000000000000000,
            0.50000000000000000,
            0.50000000000000000,
            0.00000000000000000
        ]
    ],
    "op_interior": [
        0.5,
        0.5
    ],
    "idx_left": [
        [
            0,
            1,
            2,
            3,
            4,
            5,
            6
        ],
        [
            0,
            1,
            2,
            3,
            4,
            5,
            6
        ],
        [
            0,
            1,
            2,
            3,
            4,
            5,
            6
        ],
        [
            0,
            1,
            2,
            3,
            4,
            5,
            6
        ],
        [
            0,
            1,
            2,
            3,
            4,
            5,
            6
        ],
        [
            0,
            1,
            2,
            3,
            4,
            5,
            6
        ]
    ],
    "idx_right": [
        [
            0,
            1,
            2,
            3,
            4,
            5,
            6,
            7
        ],
        [
            0,
            1,
            2,
            3,
            4,
            5,
            6,
            7
        ],
        [
            0,
            1,
            2,
            3,
            4,
            5,
            6,
            7
        ],
        [
            0,
            1,
            2,
            3,
            4,
            5,
            6,
            7
        ],
        [
            0,
            1,
            2,
            3,
            4,
            5,
            6,
            7
        ],
        [
            0,
            1,
            2,
            3,
            4,
            5,
            6,
            7
        ]
    ],
    "order_left": 0,
    "order_interior": 1,
    "idx_interior": [
        -1,
        0
    ]
}
