{
    "label": "SBPS",
    "op_left": [
        [
            -1.5886075042755416,
            2.280181018266811,
            -0.8088980291471827,
            0.13168302059609888,
            -0.01435850544018567,
            0.0,
            0.0,
            0.0,
            0.0
        ],
        [
            -0.48232266559212955,
            -0.05746145177512944,
            0.5663203488781653,
            -0.030965680062424263,
            0.004429448551517928,
            0.0,
            0.0,
            0.0,
            0.0
        ],
        [
            0.017495431127901587,
            -0.43255083306493497,
            -0.3111668377093504,
            0.8538512002386446,
            -0.13147571072900638,
            0.003846750136745478,
            0.0,
            0.0,
            0.0
        ],
        [
            0.1277481742492071,
            -0.25744688395900167,
            -0.4155794781917712,
            0.011557119612208372,
            0.6170517361659126,
            -0.08571154410159956,
            0.0023808762250444324,
            0.0,
            0.0
        ],
        [
            -0.006419131958782027,
            0.016403383290436623,
            0.07524214188138229,
            -0.6740179057989464,
            0.00024984591924278243,
            0.6796875,
            -0.09375,
            0.0026041666666666665,
            0.0
        ],
        [
            0.0,
            0.0,
            -0.0026041666666666665,
            0.09375,
            -0.6796875,
            -3.686287386450715e-17,
            0.6796875,
            -0.09375,
            0.0026041666666666665
        ]
    ],
    "op_right": [
        [
            0.0,
            0.0,
            0.0,
            0.0,
            0.0,
            0.0,
            0.0,
            0.0,
            0.0
        ],
        [
            0.0,
            -1.3764648947859957,
            -2.2801810182668114,
            0.8088980291471826,
            -0.1316830205960989,
            0.01435850544018567,
            0.0,
            0.0,
            0.0
        ],
        [
            0.0,
            0.35973310691507926,
            0.05746145177512947,
            -0.5663203488781653,
            0.030965680062424273,
            -0.004429448551517928,
            0.0,
            0.0,
            0.0
        ],
        [
            0.0,
            -0.22947664951348035,
            0.4325508330649349,
            0.31116683770935044,
            -0.8538512002386446,
            0.13147571072900638,
            -0.003846750136745478,
            0.0,
            0.0
        ],
        [
            0.0,
            0.013817045157735389,
            0.25744688395900167,
            0.4155794781917712,
            -0.011557119612208363,
            -0.6170517361659126,
            0.08571154410159958,
            -0.0023808762250444324,
            0.0
        ],
        [
            0.0,
            0.006419131958782027,
            -0.016403383290436623,
            -0.07524214188138229,
            0.6740179057989464,
            -0.0002498459192428271,
            -0.6796875,
            0.09375,
            -0.0026041666666666665
        ]
    ],
    "op_interior": [
        -0.0026041666666666665,
        0.09375,
        -0.6796875,
        -3.686287386450715e-17,
        0.6796875,
        -0.09375,
        0.0026041666666666665
    ],
    "idx_left": [
        [
            0,
            1,
            2,
            3,
            4,
            5,
            6,
            7,
            8
        ],
        [
            0,
            1,
            2,
            3,
            4,
            5,
            6,
            7,
            8
        ],
        [
            0,
            1,
            2,
            3,
            4,
            5,
            6,
            7,
            8
        ],
        [
            0,
            1,
            2,
            3,
            4,
            5,
            6,
            7,
            8
        ],
        [
            0,
            1,
            2,
            3,
            4,
            5,
            6,
            7,
            8
        ],
        [
            0,
            1,
            2,
            3,
            4,
            5,
            6,
            7,
            8
        ]
    ],
    "idx_right": [
        [
            0,
            1,
            2,
            3,
            4,
            5,
            6,
            7,
            8
        ],
        [
            0,
            1,
            2,
            3,
            4,
            5,
            6,
            7,
            8
        ],
        [
            0,
            1,
            2,
            3,
            4,
            5,
            6,
            7,
            8
        ],
        [
            0,
            1,
            2,
            3,
            4,
            5,
            6,
            7,
            8
        ],
        [
            0,
            1,
            2,
            3,
            4,
            5,
            6,
            7,
            8
        ],
        [
            0,
            1,
            2,
            3,
            4,
            5,
            6,
            7,
            8
        ]
    ],
    "order_left": 0,
    "order_interior": 1,
    "idx_interior": [
        -3,
        -2,
        -1,
        0,
        1,
        2,
        3
    ]
}