{
    "label": "SBPS",
    "op_left": [
        [
            -1.4276800979942257,
            0.2875185051606178,
            2.0072491465276454,
            -0.8773816261307504,
            0.007502233010109511,
            0.002791839426603458,
            0.0,
            0.0,
            0.0
        ],
        [
            -0.8139439685257414,
            -0.12736791439387252,
            1.1932750007455708,
            -0.14751201818280874,
            -0.11258144992976858,
            0.008130350286620397,
            0.0,
            0.0,
            0.0
        ],
        [
            -0.16391825416103045,
            -0.31138399090890306,
            0.05360071352094803,
            0.3910958927076031,
            0.04017418138219891,
            -0.009568542540816526,
            0.0,
            0.0,
            0.0
        ],
        [
            -0.01714783188145764,
            0.09166000772072784,
            -0.7187220404622644,
            0.14340318635283336,
            0.5827389738506837,
            -0.08478630816643243,
            0.0028540125859094568,
            0.0,
            0.0
        ],
        [
            0.05791766408536538,
            -0.0022069616616207112,
            -0.010879260226981892,
            -0.6803612607837533,
            0.053016993844124095,
            0.6736586580761996,
            -0.09375,
            0.0026041666666666665,
            0.0
        ],
        [
            -0.002032383415379089,
            -0.00021069331408620558,
            0.0013351454085978268,
            0.09384008818717868,
            -0.6816971139746001,
            0.00022329044162220724,
            0.6796875,
            -0.09375,
            0.0026041666666666665
        ]
    ],
    "op_right": [
        [
            1.4276800979942257,
            -0.2875185051606178,
            -2.0072491465276454,
            0.8773816261307504,
            -0.007502233010109509,
            -0.002791839426603458,
            0.0,
            0.0,
            0.0
        ],
        [
            0.8139439685257414,
            0.12736791439387252,
            -1.193275000745571,
            0.14751201818280874,
            0.11258144992976858,
            -0.008130350286620397,
            0.0,
            0.0,
            0.0
        ],
        [
            0.16391825416103045,
            0.311383990908903,
            -0.05360071352094802,
            -0.39109589270760303,
            -0.040174181382198915,
            0.009568542540816526,
            0.0,
            0.0,
            0.0
        ],
        [
            0.017147831881457645,
            -0.09166000772072784,
            0.7187220404622645,
            -0.14340318635283342,
            -0.5827389738506837,
            0.08478630816643243,
            -0.0028540125859094568,
            0.0,
            0.0
        ],
        [
            -0.05791766408536538,
            0.0022069616616207117,
            0.010879260226981895,
            0.6803612607837533,
            -0.05301699384412404,
            -0.6736586580761996,
            0.09375,
            -0.0026041666666666665,
            0.0
        ],
        [
            0.002032383415379089,
            0.00021069331408620558,
            -0.0013351454085978268,
            -0.09384008818717868,
            0.6816971139746001,
            -0.0002232904416221974,
            -0.6796875,
            0.09375,
            -0.0026041666666666665
        ]
    ],
    "op_interior": [
        -0.0026041666666666665,
        0.09375,
        -0.6796875,
        3.686287386450715e-17,
        0.6796875,
        -0.09375,
        0.0026041666666666665
    ],
    "idx_left": [
        [
            0,
            1,
            2,
            3,
            4,
            5,
            6,
            7,
            8
        ],
        [
            0,
            1,
            2,
            3,
            4,
            5,
            6,
            7,
            8
        ],
        [
            0,
            1,
            2,
            3,
            4,
            5,
            6,
            7,
            8
        ],
        [
            0,
            1,
            2,
            3,
            4,
            5,
            6,
            7,
            8
        ],
        [
            0,
            1,
            2,
            3,
            4,
            5,
            6,
            7,
            8
        ],
        [
            0,
            1,
            2,
            3,
            4,
            5,
            6,
            7,
            8
        ]
    ],
    "idx_right": [
        [
            0,
            1,
            2,
            3,
            4,
            5,
            6,
            7,
            8
        ],
        [
            0,
            1,
            2,
            3,
            4,
            5,
            6,
            7,
            8
        ],
        [
            0,
            1,
            2,
            3,
            4,
            5,
            6,
            7,
            8
        ],
        [
            0,
            1,
            2,
            3,
            4,
            5,
            6,
            7,
            8
        ],
        [
            0,
            1,
            2,
            3,
            4,
            5,
            6,
            7,
            8
        ],
        [
            0,
            1,
            2,
            3,
            4,
            5,
            6,
            7,
            8
        ]
    ],
    "order_left": 0,
    "order_interior": 1,
    "idx_interior": [
        -3,
        -2,
        -1,
        0,
        1,
        2,
        3
    ]
}