{
    "label": "SBPS",
    "op_left": [
        [
            3.55599789310935
        ],
        [
            0.6905974224013051
        ],
        [
            1.4771520525102637
        ],
        [
            0.914256470417062
        ],
        [
            1.0
        ],
        [
            1.0
        ]
    ],
    "op_right": [
        [
            1.0
        ],
        [
            0.914256470417062
        ],
        [
            1.4771520525102637
        ],
        [
            0.6905974224013051
        ],
        [
            3.55599789310935
        ]
    ],
    "op_interior": [
        1.0
    ],
    "idx_left": [
        [
            0,
            1,
            2,
            3,
            4,
            5
        ],
        [
            0,
            1,
            2,
            3,
            4,
            5
        ],
        [
            0,
            1,
            2,
            3,
            4,
            5
        ],
        [
            0,
            1,
            2,
            3,
            4,
            5
        ],
        [
            0,
            1,
            2,
            3,
            4,
            5
        ],
        [
            0,
            1,
            2,
            3,
            4,
            5
        ]
    ],
    "idx_right": [
        [
            0,
            1,
            2,
            3,
            4
        ],
        [
            0,
            1,
            2,
            3,
            4
        ],
        [
            0,
            1,
            2,
            3,
            4
        ],
        [
            0,
            1,
            2,
            3,
            4
        ],
        [
            0,
            1,
            2,
            3,
            4
        ],
        [
            0,
            1,
            2,
            3,
            4
        ]
    ],
    "order_left": 0,
    "order_interior": 1,
    "idx_interior": [
        0
    ]
}