{
    "label": "SBPS",
    "op_left": [
        [
            -1.5373923010673116,
            1.0330083346742178,
            0.6211677623382129,
            0.04541107584513447,
            -0.16809342259887608,
            0.005898550808622604,
            0.0,
            0.0,
            0.0
        ],
        [
            -0.871392142592401,
            0.12736791439387254,
            0.929755064768133,
            -0.1912595577524762,
            0.005046905290867782,
            0.0004818158920038753,
            0.0,
            0.0,
            0.0
        ],
        [
            -0.05633339651512941,
            -0.399639373921177,
            -0.05360071352094807,
            0.50226388164655,
            0.008332157272534354,
            -0.0010225549618299195,
            0.0,
            0.0,
            0.0
        ],
        [
            -0.013293049715398955,
            0.07069425907088474,
            -0.5596445380498725,
            -0.1434031863528334,
            0.7456356868769503,
            -0.10284318441563953,
            0.0028540125859094563,
            0.0,
            0.0
        ],
        [
            -0.0025849423769932077,
            0.049230752210519396,
            -0.05245524770681303,
            -0.5317248489238559,
            -0.053016993844124095,
            0.6816971139746001,
            -0.09375,
            0.0026041666666666665,
            0.0
        ],
        [
            -0.0009619461344192972,
            -0.0035553215968974414,
            0.012493602903732318,
            0.07736394667873966,
            -0.6736586580761996,
            -0.00022329044162220724,
            0.6796875,
            -0.09375,
            0.0026041666666666665
        ]
    ],
    "op_right": [
        [
            1.5373923010673116,
            -1.0330083346742178,
            -0.6211677623382129,
            -0.04541107584513448,
            0.1680934225988761,
            -0.005898550808622604,
            0.0,
            0.0,
            0.0
        ],
        [
            0.8713921425924012,
            -0.12736791439387254,
            -0.9297550647681331,
            0.19125955775247622,
            -0.005046905290867781,
            -0.0004818158920038753,
            0.0,
            0.0,
            0.0
        ],
        [
            0.05633339651512939,
            0.39963937392117704,
            0.05360071352094808,
            -0.50226388164655,
            -0.008332157272534354,
            0.0010225549618299195,
            0.0,
            0.0,
            0.0
        ],
        [
            0.013293049715398962,
            -0.07069425907088471,
            0.5596445380498726,
            0.1434031863528334,
            -0.7456356868769503,
            0.10284318441563953,
            -0.0028540125859094563,
            0.0,
            0.0
        ],
        [
            0.0025849423769932073,
            -0.049230752210519396,
            0.05245524770681303,
            0.5317248489238559,
            0.05301699384412404,
            -0.6816971139746001,
            0.09375,
            -0.0026041666666666665,
            0.0
        ],
        [
            0.0009619461344192972,
            0.0035553215968974414,
            -0.012493602903732318,
            -0.07736394667873966,
            0.6736586580761996,
            0.00022329044162219727,
            -0.6796875,
            0.09375,
            -0.0026041666666666665
        ]
    ],
    "op_interior": [
        -0.0026041666666666665,
        0.09375,
        -0.6796875,
        -3.686287386450715e-17,
        0.6796875,
        -0.09375,
        0.0026041666666666665
    ],
    "idx_left": [
        [
            0,
            1,
            2,
            3,
            4,
            5,
            6,
            7,
            8
        ],
        [
            0,
            1,
            2,
            3,
            4,
            5,
            6,
            7,
            8
        ],
        [
            0,
            1,
            2,
            3,
            4,
            5,
            6,
            7,
            8
        ],
        [
            0,
            1,
            2,
            3,
            4,
            5,
            6,
            7,
            8
        ],
        [
            0,
            1,
            2,
            3,
            4,
            5,
            6,
            7,
            8
        ],
        [
            0,
            1,
            2,
            3,
            4,
            5,
            6,
            7,
            8
        ]
    ],
    "idx_right": [
        [
            0,
            1,
            2,
            3,
            4,
            5,
            6,
            7,
            8
        ],
        [
            0,
            1,
            2,
            3,
            4,
            5,
            6,
            7,
            8
        ],
        [
            0,
            1,
            2,
            3,
            4,
            5,
            6,
            7,
            8
        ],
        [
            0,
            1,
            2,
            3,
            4,
            5,
            6,
            7,
            8
        ],
        [
            0,
            1,
            2,
            3,
            4,
            5,
            6,
            7,
            8
        ],
        [
            0,
            1,
            2,
            3,
            4,
            5,
            6,
            7,
            8
        ]
    ],
    "order_left": 0,
    "order_interior": 1,
    "idx_interior": [
        -3,
        -2,
        -1,
        0,
        1,
        2,
        3
    ]
}