{
    "idx_interior": [
        0,
        1
    ],
    "idx_left": [
        [
            0,
            1,
            2,
            3
        ],
        [
            0,
            1,
            2,
            3
        ],
        [
            0,
            1,
            2,
            3
        ]
    ],
    "idx_right": [
        [
            0,
            1,
            2,
            3
        ],
        [
            0,
            1,
            2,
            3
        ],
        [
            0,
            1,
            2,
            3
        ],
        [
            0,
            1,
            2,
            3
        ]
    ],
    "label": "SBPS",
    "op_interior": [
        -1.0,
        1.0
    ],
    "op_left": [
        [
            -2.166205981392356,
            2.249308972088534,
            -0.08310299069617805,
            0.0
        ],
        [
            -0.07743817550482071,
            -0.8838427367427689,
            0.9612809122475896,
            0.0
        ],
        [
            0.02096579118847871,
            0.04376185391547175,
            -1.1399381858021402,
            1.0752105406981898
        ]
    ],
    "op_right": [
        [
            0,
            0,
            0,
            0
        ],
        [
            2.166205981392356,
            -2.249308972088534,
            0.08310299069617805,
            0.0
        ],
        [
            0.07743817550482071,
            0.8838427367427689,
            -0.9612809122475896,
            0.0
        ],
        [
            -0.02096579118847871,
            -0.04376185391547175,
            1.1399381858021402,
            -1.0752105406981898
        ]
    ],
    "order_interior": 1,
    "order_left": 0
}