{
    "idx_interior": [
        -1,
        0,
        1,
        2
    ],
    "idx_left": [
        [
            0,
            1,
            2,
            3,
            4,
            5
        ],
        [
            0,
            1,
            2,
            3,
            4,
            5
        ],
        [
            0,
            1,
            2,
            3,
            4,
            5
        ],
        [
            0,
            1,
            2,
            3,
            4,
            5
        ]
    ],
    "idx_right": [
        [
            0,
            1,
            2,
            3,
            4,
            5
        ],
        [
            0,
            1,
            2,
            3,
            4,
            5
        ],
        [
            0,
            1,
            2,
            3,
            4,
            5
        ],
        [
            0,
            1,
            2,
            3,
            4,
            5
        ],
        [
            0,
            1,
            2,
            3,
            4,
            5
        ]
    ],
    "label": "SBPS",
    "op_interior": [
        0.041666666666666664,
        -1.125,
        1.125,
        -0.041666666666666664
    ],
    "op_left": [
        [
            -2.4843703320382104,
            2.658194372571644,
            -0.10546291504776281,
            -0.06836112548567115,
            0.0,
            0.0
        ],
        [
            -0.07887584732057189,
            -0.8521077862739277,
            0.9014051908492852,
            0.02957844274521446,
            0.0,
            0.0
        ],
        [
            0.014718534869601592,
            0.016222483542286625,
            -1.1130610406813668,
            1.1259397586922681,
            -0.04381973642278961,
            0.0
        ],
        [
            0.004059837385446988,
            -0.0051290309438727436,
            0.03918850576387765,
            -1.1187625510387915,
            1.1222064403269296,
            -0.04156320149358998
        ]
    ],
    "op_right": [
        [
            0,
            0,
            0,
            0,
            0,
            0
        ],
        [
            2.4843703320382104,
            -2.658194372571644,
            0.10546291504776281,
            0.06836112548567115,
            0.0,
            0.0
        ],
        [
            0.07887584732057189,
            0.8521077862739277,
            -0.9014051908492852,
            -0.02957844274521446,
            0.0,
            0.0
        ],
        [
            -0.014718534869601592,
            -0.016222483542286625,
            1.1130610406813668,
            -1.1259397586922681,
            0.04381973642278961,
            0.0
        ],
        [
            -0.004059837385446988,
            0.0051290309438727436,
            -0.03918850576387765,
            1.1187625510387915,
            -1.1222064403269296,
            0.04156320149358998
        ]
    ],
    "order_interior": 1,
    "order_left": 0
}