{
    "idx_interior": [
        -1,
        0
    ],
    "idx_left": [
        [
            0,
            1,
            2
        ],
        [
            0,
            1,
            2
        ],
        [
            0,
            1,
            2
        ]
    ],
    "idx_right": [
        [
            0,
            1,
            2,
            3
        ],
        [
            0,
            1,
            2,
            3
        ],
        [
            0,
            1,
            2,
            3
        ],
        [
            0,
            1,
            2,
            3
        ]
    ],
    "label": "SBPS",
    "op_interior": [
        -1.0,
        1.0
    ],
    "op_left": [
        [
            -1.395632806890808,
            1.791265613781616,
            -0.395632806890808
        ],
        [
            -1.043941961335487,
            1.0878839226709742,
            -0.04394196133548709
        ],
        [
            0.0348710564881677,
            -1.0697421129763354,
            1.0348710564881678
        ]
    ],
    "op_right": [
        [
            0,
            1.395632806890808,
            -1.791265613781616,
            0.395632806890808
        ],
        [
            0,
            1.043941961335487,
            -1.0878839226709742,
            0.04394196133548709
        ],
        [
            0,
            -0.0348710564881677,
            1.0697421129763354,
            -1.0348710564881678
        ],
        [
            0.0,
            0.0,
            1.0,
            -1.0
        ]
    ],
    "order_interior": 1,
    "order_left": 0
}