{
    "idx_interior": [
        -2,
        -1,
        0,
        1
    ],
    "idx_left": [
        [
            0,
            1,
            2,
            3,
            4
        ],
        [
            0,
            1,
            2,
            3,
            4
        ],
        [
            0,
            1,
            2,
            3,
            4
        ],
        [
            0,
            1,
            2,
            3,
            4
        ]
    ],
    "idx_right": [
        [
            0,
            1,
            2,
            3,
            4,
            5,
            6
        ],
        [
            0,
            1,
            2,
            3,
            4,
            5,
            6
        ],
        [
            0,
            1,
            2,
            3,
            4,
            5,
            6
        ],
        [
            0,
            1,
            2,
            3,
            4,
            5,
            6
        ],
        [
            0,
            1,
            2,
            3,
            4,
            5,
            6
        ]
    ],
    "label": "SBPS",
    "op_interior": [
        0.041666666666666664,
        -1.125,
        1.125,
        -0.041666666666666664
    ],
    "op_left": [
        [
            -1.4223446572362985,
            1.7670339717088954,
            -0.2670339717088954,
            -0.07765534276370152,
            0.0
        ],
        [
            -1.0052197616184708,
            1.0156592848554125,
            -0.01565928485541238,
            0.005219761618470793,
            0.0
        ],
        [
            0.041770886834045326,
            -1.125312660502136,
            1.125312660502136,
            -0.041770886834045326,
            0.0
        ],
        [
            0.024916760295633802,
            -0.03398105836134947,
            -1.0475573866897543,
            1.097390907281022,
            -0.040769222525551936
        ]
    ],
    "op_right": [
        [
            0,
            1.4223446572362985,
            -1.7670339717088954,
            0.2670339717088954,
            0.07765534276370152,
            0.0,
            0.0
        ],
        [
            0,
            1.0052197616184708,
            -1.0156592848554125,
            0.01565928485541238,
            -0.005219761618470793,
            0.0,
            0.0
        ],
        [
            0,
            -0.041770886834045326,
            1.125312660502136,
            -1.125312660502136,
            0.041770886834045326,
            0.0,
            0.0
        ],
        [
            0,
            -0.024916760295633802,
            0.03398105836134947,
            1.0475573866897543,
            -1.097390907281022,
            0.040769222525551936,
            0.0
        ],
        [
            0.0,
            0.0,
            0.0,
            -0.041666666666666664,
            1.125,
            -1.125,
            0.041666666666666664
        ]
    ],
    "order_interior": 1,
    "order_left": 0
}