{
    "idx_interior": [
        0
    ],
    "idx_left": [
        [
            0
        ],
        [
            0
        ],
        [
            0
        ]
    ],
    "idx_right": [
        [
            0
        ],
        [
            0
        ],
        [
            0
        ],
        [
            0
        ]
    ],
    "label": "SBPS",
    "op_interior": [
        1.0
    ],
    "op_left": [
        [
            0.42988273176663355
        ],
        [
            1.1400668621513648
        ],
        [
            0.9300504060820016
        ]
    ],
    "op_right": [
        [
            0
        ],
        [
            0.42988273176663355
        ],
        [
            1.1400668621513648
        ],
        [
            0.9300504060820016
        ]
    ],
    "order_interior": 1,
    "order_left": 0
}