{
    "idx_interior": [
        0
    ],
    "idx_left": [
        [
            0, 1, 2, 3
        ],
        [
            0, 1, 2, 3
        ],
        [
            0, 1, 2, 3
        ],
        [
            0, 1, 2, 3
        ]
    ],
    "idx_right": [
        [
            0, 1, 2, 3, 4
        ],
        [
            0, 1, 2, 3, 4
        ],
        [
            0, 1, 2, 3, 4
        ],
        [
            0, 1, 2, 3, 4
        ],
        [
            0, 1, 2, 3, 4
        ]
    ],
    "label": "SBPS",
    "op_interior": [
        1.0
    ],
    "op_left": [
        [
            0.3725106543923803,
            0.0,
            0.0,
            0.0
        ],
        [
            0.0,
            1.1741347034895258,
            0.0,
            0.0
        ],
        [
            0.0,
            0.0,
            0.9508652965104741,
            0.0
        ],
        [
            0.0,
            0.0,
            0.0,
            1.0024893456076198
        ]
    ],
    "op_right": [
        [
            0.0,
            0.0,
            0.0,
            0.0,
            0.0
        ],
        [
            0.0,
            0.3725106543923803,
            0.0,
            0.0,
            0.0
        ],
        [
            0.0,
            0.0,
            1.1741347034895258,
            0.0,
            0.0
        ],
        [
            0.0,
            0.0,
            0.0,
            0.9508652965104741,
            0.0
        ],
        [
            0.0,
            0.0,
            0.0,
            0.0,
            1.0024893456076198
        ]
    ],
    "order_interior": 1,
    "order_left": 0
}
