{
    "idx_interior": [
        0
    ],
    "idx_left": [
        [
            0
        ],
        [
            0
        ],
        [
            0
        ]
    ],
    "idx_right": [
        [
            0,
            1
        ],
        [
            0,
            1
        ],
        [
            0,
            1
        ],
        [
            0,
            1
        ]
    ],
    "label": "SBPS",
    "op_interior": [
        1.0
    ],
    "op_left": [
        [
            0.049286212541157476
        ],
        [
            0.9262383555036319
        ],
        [
            1.0244754319552107
        ]
    ],
    "op_right": [
        [
            0,
            0.049286212541157476
        ],
        [
            0,
            0.9262383555036319
        ],
        [
            0,
            1.0244754319552107
        ],
        [
            0.0,
            1.0
        ]
    ],
    "order_interior": 1,
    "order_left": 0
}