{
    "idx_interior": [
        0
    ],
    "idx_left": [
        [
            0, 1, 2, 3
        ],
        [
            0, 1, 2, 3
        ],
        [
            0, 1, 2, 3
        ],
        [
            0, 1, 2, 3
        ]
    ],
    "idx_right": [
        [
            0, 1, 2, 3, 4
        ],
        [
            0, 1, 2, 3, 4
        ],
        [
            0, 1, 2, 3, 4
        ],
        [
            0, 1, 2, 3, 4
        ],
        [
            0, 1, 2, 3, 4
        ]
    ],
    "label": "SBPS",
    "op_interior": [
        1.0
    ],
    "op_left": [
        [
            0.05241035038882755,
            0.0,
            0.0,
            0.0


        ],
        [
            0.0,
            0.9850639263542816,
            0.0,
            0.0
        ],
        [
            0.0,
            0.0,
            0.9405129379860344,
            0.0
        ],
        [
            0.0,
            0.0,
            0.0,
            1.0220127852708563
        ]
    ],
    "op_right": [
        [
            0.05241035038882755,
            0.0,
            0.0,
            0.0,
            0.0
        ],
        [
            0.0,
            0.9850639263542816,
            0.0,
            0.0,
            0.0
        ],
        [
            0.0,
            0.0,
            0.9405129379860344,
            0.0,
            0.0
        ],
        [
            0.0,
            0.0,
            0.0,
            1.0220127852708563,
            0.0
        ],
        [
            0.0,
            0.0,
            0.0,
            0.0,
            1.0
        ]
    ],
    "order_interior": 1,
    "order_left": 0
}
