{
    "idx_interior": [
        0
    ],
    "idx_left": [
        [
            0
        ],
        [
            0
        ],
        [
            0
        ]
    ],
    "idx_right": [
        [
            0
        ],
        [
            0
        ],
        [
            0
        ],
        [
            0
        ]
    ],
    "label": "SBPS",
    "op_interior": [
        1.0
    ],
    "op_left": [
        [
            2.3262157935268277
        ],
        [
            0.8771415372190966
        ],
        [
            1.0752105406981898
        ]
    ],
    "op_right": [
        [
            0
        ],
        [
            2.3262157935268277
        ],
        [
            0.8771415372190966
        ],
        [
            1.0752105406981898
        ]
    ],
    "order_interior": 1,
    "order_left": 0
}