{
    "idx_interior": [
        0
    ],
    "idx_left": [
        [
            0
        ],
        [
            0
        ],
        [
            0
        ],
        [
            0
        ]
    ],
    "idx_right": [
        [
            0
        ],
        [
            0
        ],
        [
            0
        ],
        [
            0
        ],
        [
            0
        ]
    ],
    "label": "SBPS",
    "op_interior": [
        1.0
    ],
    "op_left": [
        [
            2.6844869756306626
        ],
        [
            0.8516910342808216
        ],
        [
            1.0516736741469506
        ],
        [
            0.9975168358461597
        ]
    ],
    "op_right": [
        [
            0
        ],
        [
            2.6844869756306626
        ],
        [
            0.8516910342808216
        ],
        [
            1.0516736741469506
        ],
        [
            0.9975168358461597
        ]
    ],
    "order_interior": 1,
    "order_left": 0
}