{
    "idx_interior": [
        0
    ],
    "idx_left": [
        [
            0
        ],
        [
            0
        ],
        [
            0
        ]
    ],
    "idx_right": [
        [
            0,
            1
        ],
        [
            0,
            1
        ],
        [
            0,
            1
        ],
        [
            0,
            1
        ]
    ],
    "label": "SBPS",
    "op_interior": [
        1.0
    ],
    "op_left": [
        [
            20.289649953624032
        ],
        [
            1.0796357050623984
        ],
        [
            0.9761093031694286
        ]
    ],
    "op_right": [
        [
            0,
            20.289649953624032
        ],
        [
            0,
            1.0796357050623984
        ],
        [
            0,
            0.9761093031694286
        ],
        [
            0.0,
            1.0
        ]
    ],
    "order_interior": 1,
    "order_left": 0
}