{
    "idx_interior": [
        0
    ],
    "idx_left": [
        [
            0
        ],
        [
            0
        ],
        [
            0
        ],
        [
            0
        ]
    ],
    "idx_right": [
        [
            0,
            1
        ],
        [
            0,
            1
        ],
        [
            0,
            1
        ],
        [
            0,
            1
        ],
        [
            0,
            1
        ]
    ],
    "label": "SBPS",
    "op_interior": [
        1.0
    ],
    "op_left": [
        [
            19.08020062031817
        ],
        [
            1.0151625424971116
        ],
        [
            1.063249594568415
        ],
        [
            0.9784613406132464
        ]
    ],
    "op_right": [
        [
            0,
            19.08020062031817
        ],
        [
            0,
            1.0151625424971116
        ],
        [
            0,
            1.063249594568415
        ],
        [
            0,
            0.9784613406132464
        ],
        [
            0.0,
            1.0
        ]
    ],
    "order_interior": 1,
    "order_left": 0
}