{
    "idx_interior": [
        0,
        1
    ],
    "idx_left": [
        [
            0,
            1,
            2,
            3
        ],
        [
            0,
            1,
            2,
            3
        ],
        [
            0,
            1,
            2,
            3
        ]
    ],
    "idx_right": [
        [
            0,
            1,
            2,
            3
        ],
        [
            0,
            1,
            2,
            3
        ],
        [
            0,
            1,
            2,
            3
        ],
        [
            0,
            1,
            2,
            3
        ]
    ],
    "label": "SBPS",
    "op_interior": [
        0.5,
        0.5
    ],
    "op_left": [
        [
            -0.1311587956440871,
            1.4182267507711663,
            -0.2870679551270793,
            0.0
        ],
        [
            0.1853117149421011,
            0.14903464033338887,
            0.66565364472451,
            0.0
        ],
        [
            -0.11354249874926209,
            0.15768791659226664,
            0.41824931180790054,
            0.5376052703490949
        ]
    ],
    "op_right": [
        [
            0,
            0,
            0,
            0
        ],
        [
            -0.1311587956440871,
            1.4182267507711663,
            -0.2870679551270793,
            0.0
        ],
        [
            0.1853117149421011,
            0.14903464033338887,
            0.66565364472451,
            0.0
        ],
        [
            -0.11354249874926209,
            0.15768791659226664,
            0.41824931180790054,
            0.5376052703490949
        ]
    ],
    "order_interior": 1,
    "order_left": 0
}