{
    "idx_interior": [
        -1,
        0,
        1,
        2
    ],
    "idx_left": [
        [
            0,
            1,
            2,
            3,
            4,
            5
        ],
        [
            0,
            1,
            2,
            3,
            4,
            5
        ],
        [
            0,
            1,
            2,
            3,
            4,
            5
        ],
        [
            0,
            1,
            2,
            3,
            4,
            5
        ]
    ],
    "idx_right": [
        [
            0,
            1,
            2,
            3,
            4,
            5
        ],
        [
            0,
            1,
            2,
            3,
            4,
            5
        ],
        [
            0,
            1,
            2,
            3,
            4,
            5
        ],
        [
            0,
            1,
            2,
            3,
            4,
            5
        ],
        [
            0,
            1,
            2,
            3,
            4,
            5
        ]
    ],
    "label": "SBPS",
    "op_interior": [
        -0.0625,
        0.5625,
        0.5625,
        -0.0625
    ],
    "op_left": [
        [
            0.1432925140311146,
            1.0598132016300112,
            0.022142311662191223,
            -0.22524802732331697,
            0.0,
            0.0
        ],
        [
            0.027481042952502623,
            0.5809932828438779,
            0.26931082693098785,
            0.12221484727263174,
            0.0,
            0.0
        ],
        [
            -0.07091957810644536,
            -0.09049160190327797,
            0.792552544438485,
            0.4345882402054228,
            -0.06572960463418441,
            0.0
        ],
        [
            0.034115955260154415,
            -0.005832316273534144,
            -0.1372116399206229,
            0.6101695830109228,
            0.5611032201634648,
            -0.06234480224038498
        ]
    ],
    "op_right": [
        [
            0,
            0,
            0,
            0,
            0,
            0
        ],
        [
            0.1432925140311146,
            1.0598132016300112,
            0.022142311662191223,
            -0.22524802732331697,
            0.0,
            0.0
        ],
        [
            0.027481042952502623,
            0.5809932828438779,
            0.26931082693098785,
            0.12221484727263174,
            0.0,
            0.0
        ],
        [
            -0.07091957810644536,
            -0.09049160190327797,
            0.792552544438485,
            0.4345882402054228,
            -0.06572960463418441,
            0.0
        ],
        [
            0.034115955260154415,
            -0.005832316273534144,
            -0.1372116399206229,
            0.6101695830109228,
            0.5611032201634648,
            -0.06234480224038498
        ]
    ],
    "order_interior": 1,
    "order_left": 0
}