{
    "idx_interior": [
        -1,
        0
    ],
    "idx_left": [
        [
            0,
            1,
            2
        ],
        [
            0,
            1,
            2
        ],
        [
            0,
            1,
            2
        ]
    ],
    "idx_right": [
        [
            0,
            1,
            2,
            3
        ],
        [
            0,
            1,
            2,
            3
        ],
        [
            0,
            1,
            2,
            3
        ],
        [
            0,
            1,
            2,
            3
        ]
    ],
    "label": "SBPS",
    "op_interior": [
        0.5,
        0.5
    ],
    "op_left": [
        [
            -1.1439893321000896,
            4.286548600128401,
            -2.1425920480526415
        ],
        [
            0.6582227849488306,
            0.18344031398306485,
            0.15833690106810455
        ],
        [
            -0.12045731200910383,
            0.7407592591775003,
            0.37969962983696237
        ]
    ],
    "op_right": [
        [
            0,
            -1.1439893321000896,
            4.286548600128401,
            -2.1425920480526415
        ],
        [
            0,
            0.6582227849488306,
            0.18344031398306485,
            0.15833690106810455
        ],
        [
            0,
            -0.12045731200910383,
            0.7407592591775003,
            0.37969962983696237
        ],
        [
            0.0,
            0.0,
            0.5,
            0.5
        ]
    ],
    "order_interior": 1,
    "order_left": 0
}