{
    "idx_interior": [
        -2,
        -1,
        0,
        1
    ],
    "idx_left": [
        [
            0,
            1,
            2,
            3,
            4
        ],
        [
            0,
            1,
            2,
            3,
            4
        ],
        [
            0,
            1,
            2,
            3,
            4
        ],
        [
            0,
            1,
            2,
            3,
            4
        ]
    ],
    "idx_right": [
        [
            0,
            1,
            2,
            3,
            4,
            5,
            6
        ],
        [
            0,
            1,
            2,
            3,
            4,
            5,
            6
        ],
        [
            0,
            1,
            2,
            3,
            4,
            5,
            6
        ],
        [
            0,
            1,
            2,
            3,
            4,
            5,
            6
        ],
        [
            0,
            1,
            2,
            3,
            4,
            5,
            6
        ]
    ],
    "label": "SBPS",
    "op_interior": [
        -0.0625,
        0.5625,
        0.5625,
        -0.0625
    ],
    "op_left": [
        [
            1.0184627230166077,
            0.6156502671559684,
            -1.2866726737045093,
            0.6525596835319332,
            0.0
        ],
        [
            0.4007777553422364,
            0.6925077222206185,
            -0.08734998975540771,
            -0.0059354878074472095,
            0.0
        ],
        [
            0.00876994528613849,
            0.3362071643610178,
            0.8012762820481487,
            -0.14625339169530502,
            0.0
        ],
        [
            -0.08210003951815949,
            0.14040596706081257,
            0.40433435064452544,
            0.5985135556011494,
            -0.0611538337883279
        ]
    ],
    "op_right": [
        [
            0,
            1.0184627230166077,
            0.6156502671559684,
            -1.2866726737045093,
            0.6525596835319332,
            0.0,
            0.0
        ],
        [
            0,
            0.4007777553422364,
            0.6925077222206185,
            -0.08734998975540771,
            -0.0059354878074472095,
            0.0,
            0.0
        ],
        [
            0,
            0.00876994528613849,
            0.3362071643610178,
            0.8012762820481487,
            -0.14625339169530502,
            0.0,
            0.0
        ],
        [
            0,
            -0.08210003951815949,
            0.14040596706081257,
            0.40433435064452544,
            0.5985135556011494,
            -0.0611538337883279,
            0.0
        ],
        [
            0.0,
            0.0,
            0.0,
            -0.0625,
            0.5625,
            0.5625,
            -0.0625
        ]
    ],
    "order_interior": 1,
    "order_left": 0
}