{
    "idx_interior": [
        0
    ],
    "idx_left": [
        [
            0
        ],
        [
            0
        ],
        [
            0
        ],
        [
            0
        ]
    ],
    "idx_right": [
        [
            0,
            1
        ],
        [
            0,
            1
        ],
        [
            0,
            1
        ],
        [
            0,
            1
        ],
        [
            0,
            1
        ]
    ],
    "label": "SBPS",
    "op_interior": [
        1.0
    ],
    "op_left": [
        [
            0.344556397209992
        ],
        [
            0.43729008856459833
        ],
        [
            1.30569549651249
        ],
        [
            0.9124580177129197
        ]
    ],
    "op_right": [
        [
            0,
            0.344556397209992
        ],
        [
            0,
            0.43729008856459833
        ],
        [
            0,
            1.30569549651249
        ],
        [
            0,
            0.9124580177129197
        ],
        [
            0.0,
            1.0
        ]
    ],
    "order_interior": 1,
    "order_left": 0
}