{
    "idx_interior": [
        0
    ],
    "idx_left": [
        [
            0
        ],
        [
            0
        ],
        [
            0
        ],
        [
            0
        ]
    ],
    "idx_right": [
        [
            0,
            1
        ],
        [
            0,
            1
        ],
        [
            0,
            1
        ],
        [
            0,
            1
        ],
        [
            0,
            1
        ]
    ],
    "label": "SBPS",
    "op_interior": [
        1.0
    ],
    "op_left": [
        [
            2.9022824945274315
        ],
        [
            2.28681149230364
        ],
        [
            0.7658753535345706
        ],
        [
            1.0959408329892313
        ]
    ],
    "op_right": [
        [
            0,
            2.9022824945274315
        ],
        [
            0,
            2.28681149230364
        ],
        [
            0,
            0.7658753535345706
        ],
        [
            0,
            1.0959408329892313
        ],
        [
            0.0,
            1.0
        ]
    ],
    "order_interior": 1,
    "order_left": 0
}