{
        "label" : "SBPS-63",

        "op_left" : [[-2.55047130665898746926245621580165,2.68091160834421904368696232268121,0.05548818323939689461932189828985,-0.16697265984397749449819059464062,-0.07904478344166769587797460872025,0.06008895836101683235463966070711,0.00000000000000000000000000000000,0.00000000000000000000000000000000,0.00000000000000000000000000000000],
                [-0.15232782481551526698737575316045,-0.66147483394608619367005530875758,0.68721735280283002822443449986167,0.10677856569020945098902330983037,0.05616535766525436457197173467648,-0.03635861739669239006689238635772,0.00000000000000000000000000000000,0.00000000000000000000000000000000,0.00000000000000000000000000000000],
                [-0.07085730647754330535637024013340,0.22473617334012285784439200142515,-1.39227695293494679873447239515372,1.38641510727475680830877990956651,-0.17608616995621970136021161579265,0.02806914875383019133958661939232,0.00000000000000000000000000000000,0.00000000000000000000000000000000,0.00000000000000000000000000000000],
                [0.05025523041056496192924285537629,-0.04483153341660391782985684017149,-0.10503825021424459396079953421577,-0.81542488736284746142501944632386,0.90291102120930755159378122698399,0.00835952035181785138573395954609,0.00376889902200560136802387489752,0.00000000000000000000000000000000,0.00000000000000000000000000000000],
                [0.01743986725847576982340036977348,-0.03471626083274999274852490316334,0.01514832945913249795388821894448,0.08159852827511272777005757461666,-1.20949196523799096247842044249410,1.19640771671796697361855876806658,-0.07153687030166701321665101431790,0.00515065466172002443118183023785,0.00000000000000000000000000000000],
                [-0.01685961661241508480202355713118,0.02134952970624491921936005667249,0.01179335641342287716026859811791,-0.02129494888990286077801172837098,0.03859248752392983178305385649765,-1.12944034514975455429919293237617,1.15542828409984466020432591903955,-0.06419046022776915549901133317690,0.00462171313639937828693371457689]], 
        "op_interior" : [-0.00468749999999999982652765240232,0.06510416666666667129259593593815,-1.17187500000000000000000000000000,1.17187500000000000000000000000000,-0.06510416666666667129259593593815,0.00468749999999999982652765240232], 

        "idx_left" : [[0, 1, 2, 3, 4, 5, 6, 7, 8], 
                      [0, 1, 2, 3, 4, 5, 6, 7, 8], 
                      [0, 1, 2, 3, 4, 5, 6, 7, 8], 
                      [0, 1, 2, 3, 4, 5, 6, 7, 8],
                      [0, 1, 2, 3, 4, 5, 6, 7, 8],
                      [0, 1, 2, 3, 4, 5, 6, 7, 8]], 
        "idx_interior" : [-2, -1, 0, 1, 2, 3],

        "order_left" : [3, 3, 3, 3, 3, 3],
        "order_right" : [3, 3, 3, 3, 3, 3],
        "order_interior" : 6
}
