{
        "label" : "SBPS-21",

        "op_left" : [[0.39053737157912826738481726351893], [1.15642525684174346523036547296215], [0.95303737157912815636251480100327]], 
        
        "op_interior" : [1.00000000000000000000000000000000],

        "idx_left" : [[0], [1], [2]], 
        "idx_interior" : [0],

        "order" : 1

}
