{
        "label" : "SBPS-63",

        "op_left" : [
                    [0.31562680844907409216659743833588], 
                    [1.39200484664351842312157714331988], 
                    [0.62432364004629625764408729082788], 
                    [1.24373191550925921156078857165994], 
                    [0.91007848668981472517458541915403], 
                    [1.01423430266203706828775921167107]], 
        
        "op_interior" : [1.00000000000000000000000000000000],

        "idx_left" : [[0], [1], [2], [3], [4], [5]], 
        "idx_interior" : [0],

        "order" : 5

}
