{
        "label" : "SBPShat-42",

        "op_left" : [
                    [0.12638888888888888395456433499930], 
                    [0.84635416666666662965923251249478], 
                    [1.03298611111111116045435665000696], 
                    [0.99427083333333332593184650249896]], 
        
        "op_interior" : [1.00000000000000000000000000000000],

        "idx_left" : [[0], [1], [2], [3]], 
        "idx_interior" : [0],

        "order" : 3

}
