{"idx_left": [[0, 1, 2, 3], [0, 1, 2, 3], [0, 1, 2, 3], [0, 1, 2, 3]], "order_left": 0, "idx_interior": [-1, 0], "label": "SBPS-21", "order_interior": 1, "op_interior": [0.5, 0.5], "op_left": [[1.055454057259381, -0.0554540572593817, 0.0, 0.0], [0.5076271170054838, 0.4923728829945446, 0.0, 0.0], [0.29195913217157, 0.23699142069288825, 0.4710494471355345, 0.0], [-0.4877445437697277, 0.511225857980165, 0.4765186857895641, 0.5]]}