{"idx_left": [[0, 1, 2, 3, 4], [0, 1, 2, 3, 4], [0, 1, 2, 3, 4]], "order_left": 0, "idx_interior": [0, 1], "label": "SBPS-21", "order_interior": 1, "op_interior": [0.5, 0.5], "op_left": [[0.40057879397585117, 1.0920643185883705, 0.7562630850616756, -1.2489061976259652, 0.0], [-0.007107665456249371, 0.3577194555267482, 0.2073139340905641, 0.4420742758389322, 0.0], [0.0, 0.0, 0.5, 0.5, 0.0]]}