{
        "label" : "SBPShat-84",

        "op_left" : [
                     [0.13904910418799307225690142786334], 
                     [0.81422534868620477510603450355120], 
                     [1.07940210520695556439818574290257], 
                     [0.94596328977554566819208048400469], 
                     [1.03141332017471332171965059387730], 
                     [0.98707628109958300832715849537635], 
                     [1.00323918946721679645861513563432], 
                     [0.99963136140178798783040292619262]], 
        
        "op_interior" : [1.00000000000000000000000000000000],

        "idx_left" : [[0], [1], [2], [3], [4], [5], [6], [7]], 
        "idx_interior" : [0],

        "order" : 7

}
