{
        "label" : "SBPS-42",

        "op_left" : [
                    [0.34939236111111110494320541874913],
                    [1.24348958333333325931846502498956],
                    [0.88151041666666662965923251249478],
                    [1.02560763888888883954564334999304]],
        
        "op_interior" : [1.00000000000000000000000000000000],

        "idx_left" : [[0], [1], [2], [3]], 
        "idx_interior" : [0],

        "order" : 3

}
