{
        "label" : "SBPS-84",

        "op_left" : [
                     [0.29486969586192407488667299730878],
                     [1.52586748610938882642074077011785],
                     [0.25701229034908235071554827300133],
                     [1.79884801255752591053749256388983],
                     [0.41197374670173331212552625402168],
                     [1.27892520965091760487553074199241],
                     [0.92314871759431493813963243155740],
                     [1.00935484117511298229885596811073]],
        
        "op_interior" : [1.00000000000000000000000000000000],

        "idx_left" : [[0], [1], [2], [3], [4], [5], [6], [7]], 
        "idx_interior" : [0],

        "order" : 7

}
