{
        "label" : "SBPShat-21",

        "op_left" : [[0.14822150545887780026532709598541],
                     [0.84016774181168329960200935602188], 
                     [1.01161075272943890013266354799271]], 
        
        "op_interior" : [1.00000000000000000000000000000000],

        "idx_left" : [[0], [1], [2]], 
        "idx_interior" : [0],

        "order" : 1

}
