{
        "label" : "SBPShat-63",

        "op_left" : [
                    [0.13501616696061141675855310495535], 
                    [0.82554615162037037201514522166690], 
                    [1.05882040895061724228298771777190], 
                    [0.97367621527777781231804965500487], 
                    [1.00809565145502655347797826834721], 
                    [0.99884540573559654763613480099593]], 
        
        "op_interior" : [1.00000000000000000000000000000000],

        "idx_left" : [[0], [1], [2], [3], [4], [5]], 
        "idx_interior" : [0],

        "order" : 5

}
