{
        "label" : "SBP-42",

        "op_left" : [[-1.0, 1.0]], 
        "op_left" : [[ -1.4117647058823529411764705882353,   1.7352941176470588235294117647059, -0.23529411764705882352941176470588, -0.088235294117647058823529411764706,                                    0,                                    0],
[                               -0.5,                                   0,                                 0.5,                                    0,                                    0,                                    0],
[0.093023255813953488372093023255814, -0.68604651162790697674418604651163,                                   0,   0.68604651162790697674418604651163, -0.093023255813953488372093023255814,                                    0],
[0.030612244897959183673469387755102,                                   0, -0.60204081632653061224489795918367,                                    0,   0.65306122448979591836734693877551, -0.081632653061224489795918367346939]],

        "op_interior" : [0.083333333333333333333333333333333,-0.66666666666666666666666666666667,0.66666666666666666666666666666667, -0.083333333333333333333333333333333],
        "idx_left" : [[0, 1, 2, 3, 4, 5],
                      [0, 1, 2, 3, 4, 5],
                      [0, 1, 2, 3, 4, 5],
                      [0, 1, 2, 3, 4, 5]], 
        "idx_interior" : [-2, -1, 1, 2],

        "order_left" : [2, 2, 2, 2],
        "order_interior" : 4
}
