{
        "label" : "SBP-21",

        "op_left" : [[-1.0, 1.0]], 
        "op_interior" : [-0.50000000000000000000000000000000, 0.50000000000000000000000000000000],

        "idx_left" : [[0, 1]], 
        "idx_interior" : [-1, 1],

        "order_left" : 1,
        "order_interior" : 2
}
